,precision,recall,f1-score,support
critical_emergency,0.39143730886850153,0.25308947108255064,0.3074151906334434,4046.0
high,0.24788451966152314,0.12149304708465479,0.16306483300589392,4099.0
info,0.19601884212125817,0.35586206896551725,0.25279247501469726,3625.0
low,0.19239001189060642,0.3944417357386641,0.2586317135549872,4102.0
medium,0.234375,0.02180232558139535,0.0398936170212766,4128.0
accuracy,0.226,0.226,0.226,0.226
macro avg,0.25242113650837783,0.2293377296905564,0.2043595658460597,20000.0
weighted avg,0.25335430646196844,0.226,0.2027082736894368,20000.0
